{
    "MSE": 0.438864362387304,
    "R2": 0.3284461706173146
}